location,avg_temperature,avg_humidity
BuildingA_Floor2,25.39619402985075,56.21805970149254
BuildingA_Floor1,25.175366795366802,56.95613899613901
BuildingB_Floor2,25.058287037037015,55.514398148148125
BuildingB_Floor1,24.86887159533072,55.89673151750974
