sensor_id,avg_temp,rank_temp
1016,29.082857142857144,1
1023,28.806666666666672,2
1031,28.585714285714285,3
1088,27.99,4
1047,27.437142857142856,5
